﻿<?xml version="1.0" encoding="utf-8" ?>
<fields tablename="item_template" id="entry" name="name" class="class" subclass="subclass">
  <field name="entry" displayname="ID" regex="" data="" parent="" child="" type="" default="100000"></field>
  <field name="class" displayname="类型" regex="" data="" parent="" child="subclass" type="" default="0"></field>
  <field name="subclass" displayname="子类型" regex="" data="" parent="class" child="" type="" default="0"></field>
  <field name="unk0" displayname="" regex="" data="" parent="" child="" type="" default="0"></field>
  <field name="name" displayname="名称" regex="" data="" parent="" child="" type="" default="新的物品"></field>
  <field name="displayid" displayname="模型ID" regex="" data="" parent="" child="" type="" default="0"></field>
  <field name="Quality" displayname="品质" regex="" data="" parent="" child="" type="" default="0"></field>
  <field name="Flags" displayname="标记" regex="" data="" parent="" child="" type="" default="0"></field>
  <field name="FlagsExtra" displayname="" regex="" data="" parent="" child="" type="" default="0"></field>
  <field name="BuyCount" displayname="购买数量" regex="" data="" parent="" child="" type="" default="1"></field>
  <field name="BuyPrice" displayname="购买价格" regex="" data="" parent="" child="" type="" default="1"></field>
  <field name="SellPrice" displayname="售卖价格" regex="" data="" parent="" child="" type="" default="1"></field>
  <field name="InventoryType" displayname="佩带位置" regex="" data="" parent="" child="" type="" default="0"></field>
  <field name="AllowableClass" displayname="职业限制" regex="" data="" parent="" child="" type="" default="-1"></field>
  <field name="AllowableRace" displayname="种族限制" regex="" data="" parent="" child="" type="" default="-1"></field>
  <field name="ItemLevel" displayname="物品等级" regex="" data="" parent="" child="" type="" default="1"></field>
  <field name="RequiredLevel" displayname="需要等级" regex="" data="" parent="" child="" type="" default="0"></field>
  <field name="RequiredSkill" displayname="需要专业" regex="" data="" parent="" child="" type="" default="0"></field>
  <field name="RequiredSkillRank" displayname="专业技能数量度" regex="" data="" parent="" child="" type="" default="0"></field>
  <field name="requiredspell" displayname="需要技能" regex="" data="" parent="" child="" type="" default="0"></field>
  <field name="requiredhonorrank" displayname="需要荣誉等级" regex="" data="" parent="" child="" type="" default="0"></field>
  <field name="RequiredCityRank" displayname="需要城市等级" regex="" data="" parent="" child="" type="" default="0"></field>
  <field name="RequiredReputationFaction" displayname="需要阵营" regex="" data="" parent="" child="" type="" default="0"></field>
  <field name="RequiredReputationRank" displayname="阵营等级" regex="" data="" parent="" child="" type="" default="0"></field>
  <field name="maxcount" displayname="最大携带数量" regex="" data="" parent="" child="" type="" default="0"></field>
  <field name="stackable" displayname="最大叠加数量" regex="" data="" parent="" child="" type="" default="1"></field>
  <field name="ContainerSlots" displayname="容器大小" regex="" data="" parent="" child="" type="" default=""></field>
  <field name="statscount" displayname="属性显示数量" regex="" data="" parent="" child="" type="" default="10"></field>
  <field name="stat_type1" displayname="绿字属性1" regex="" data="stat_type" parent="" child="" type="" default="0"></field>
  <field name="stat_value1" displayname="属性值" regex="" data="" parent="" child="" type="" default="0"></field>
  <field name="stat_type2" displayname="绿字属性2" regex="" data="stat_type" parent="" child="" type="" default="0"></field>
  <field name="stat_value2" displayname="属性值" regex="" data="" parent="" child="" type="" default="0"></field>
  <field name="stat_type3" displayname="绿字属性3" regex="" data="stat_type" parent="" child="" type="" default="0"></field>
  <field name="stat_value3" displayname="属性值" regex="" data="" parent="" child="" type="" default="0"></field>
  <field name="stat_type4" displayname="绿字属性4" regex="" data="stat_type" parent="" child="" type="" default="0"></field>
  <field name="stat_value4" displayname="属性值" regex="" data="" parent="" child="" type="" default="0"></field>
  <field name="stat_type5" displayname="绿字属性5" regex="" data="stat_type" parent="" child="" type="" default="0"></field>
  <field name="stat_value5" displayname="属性值" regex="" data="" parent="" child="" type="" default="0"></field>
  <field name="stat_type6" displayname="绿字属性6" regex="" data="stat_type" parent="" child="" type="" default="0"></field>
  <field name="stat_value6" displayname="属性值" regex="" data="" parent="" child="" type="" default="0"></field>
  <field name="stat_type7" displayname="绿字属性7" regex="" data="stat_type" parent="" child="" type="" default="0"></field>
  <field name="stat_value7" displayname="属性值" regex="" data="" parent="" child="" type="" default="0"></field>
  <field name="stat_type8" displayname="绿字属性8" regex="" data="stat_type" parent="" child="" type="" default="0"></field>
  <field name="stat_value8" displayname="属性值" regex="" data="" parent="" child="" type="" default="0"></field>
  <field name="stat_type9" displayname="绿字属性9" regex="" data="stat_type" parent="" child="" type="" default="0"></field>
  <field name="stat_value9" displayname="属性值" regex="" data="" parent="" child="" type="" default="0"></field>
  <field name="stat_type10" displayname="绿字属性10" regex="" data="stat_type" parent="" child="" type="" default="0"></field>
  <field name="stat_value10" displayname="属性值" regex="" data="" parent="" child="" type="" default="0"></field>
  <field name="ScalingStatDistribution" displayname="" regex="" data="" parent="" child="" type="" default=""></field>
  <field name="ScalingStatValue" displayname="" regex="" data="" parent="" child="" type="" default=""></field>
  <field name="damageType" displayname="伤害类型" regex="" data="" parent="" child="" type="" default=""></field>
  <field name="ammo_type" displayname="弹药类型" regex="" data="" parent="" child="" type="" default=""></field>
  <field name="delay" displayname="攻击速度" regex="" data="" parent="" child="" type="" default=""></field>
  <field name="RangedModRange" displayname="远程攻击距离" regex="" data="" parent="" child="" type="" default=""></field>
  <field name="spellid_1" displayname="技能属性1" regex="" data="spellid" parent="" child="" type="" default=""></field>
  <field name="spelltrigger_1" displayname="" regex="" data="spelltrigger" parent="" child="" type="" default=""></field>
  <field name="spellcharges_1" displayname="" regex="" data="" parent="" child="" type="" default="0"></field>
  <field name="spellppmRate_1" displayname="" regex="" data="" parent="" child="" type="" default=""></field>
  <field name="spellcooldown_1" displayname="冷却时间" regex="" data="" parent="" child="" type="" default=""></field>
  <field name="spellcategory_1" displayname="" regex="" data="" parent="" child="" type="" default=""></field>
  <field name="spellcategorycooldown_1" displayname="" regex="" data="" parent="" child="" type="" default=""></field>
  <field name="spellid_2" displayname="技能属性2" regex="" data="spellid" parent="" child="" type="" default=""></field>
  <field name="spelltrigger_2" displayname="触发条件" regex="" data="spelltrigger" parent="" child="" type="" default=""></field>
  <field name="spellcharges_2" displayname="" regex="" data="" parent="" child="" type="" default="0"></field>
  <field name="spellppmRate_2" displayname="" regex="" data="" parent="" child="" type="" default=""></field>
  <field name="spellcooldown_2" displayname="冷却时间" regex="" data="" parent="" child="" type="" default=""></field>
  <field name="spellcategory_2" displayname="" regex="" data="" parent="" child="" type="" default=""></field>
  <field name="spellcategorycooldown_2" displayname="" regex="" data="" parent="" child="" type="" default=""></field>
  <field name="spellid_3" displayname="技能属性3" regex="" data="spellid" parent="" child="" type="" default=""></field>
  <field name="spelltrigger_3" displayname="触发条件" regex="" data="spelltrigger" parent="" child="" type="" default=""></field>
  <field name="spellcharges_3" displayname="" regex="" data="" parent="" child="" type="" default="0"></field>
  <field name="spellppmRate_3" displayname="" regex="" data="" parent="" child="" type="" default=""></field>
  <field name="spellcooldown_3" displayname="冷却时间" regex="" data="" parent="" child="" type="" default=""></field>
  <field name="spellcategory_3" displayname="" regex="" data="" parent="" child="" type="" default=""></field>
  <field name="spellcategorycooldown_3" displayname="" regex="" data="" parent="" child="" type="" default=""></field>
  <field name="spellid_4" displayname="技能属性4" regex="" data="spellid" parent="" child="" type="" default=""></field>
  <field name="spelltrigger_4" displayname="触发条件" regex="" data="spelltrigger" parent="" child="" type="" default=""></field>
  <field name="spellcharges_4" displayname="" regex="" data="" parent="" child="" type="" default="0"></field>
  <field name="spellppmRate_4" displayname="" regex="" data="" parent="" child="" type="" default=""></field>
  <field name="spellcooldown_4" displayname="冷却时间" regex="" data="" parent="" child="" type="" default=""></field>
  <field name="spellcategory_4" displayname="" regex="" data="" parent="" child="" type="" default=""></field>
  <field name="spellcategorycooldown_4" displayname="" regex="" data="" parent="" child="" type="" default=""></field>
  <field name="spellid_5" displayname="技能属性5" regex="" data="spellid" parent="" child="" type="" default=""></field>
  <field name="spelltrigger_5" displayname="触发条件" regex="" data="spelltrigger" parent="" child="" type="" default=""></field>
  <field name="spellcharges_5" displayname="" regex="" data="" parent="" child="" type="" default="0"></field>
  <field name="spellppmRate_5" displayname="" regex="" data="" parent="" child="" type="" default=""></field>
  <field name="spellcooldown_5" displayname="冷却时间" regex="" data="" parent="" child="" type="" default=""></field>
  <field name="spellcategory_5" displayname="" regex="" data="" parent="" child="" type="" default=""></field>
  <field name="spellcategorycooldown_5" displayname="" regex="" data="" parent="" child="" type="" default=""></field>
  <field name="bonding" displayname="绑定" regex="" data="" parent="" child="" type="" default=""></field>
  <field name="description" displayname="说明" regex="" data="" parent="" child="" type="" default=""></field>
  <field name="PageText" displayname="页面文字" regex="" data="" parent="" child="" type="" default=""></field>
  <field name="LanguageID" displayname="语言ID" regex="" data="" parent="" child="" type="" default=""></field>
  <field name="PageMaterial" displayname="页面材质" regex="" data="" parent="" child="" type="" default=""></field>
  <field name="startquest" displayname="触发任务ID" regex="" data="" parent="" child="" type="" default=""></field>
  <field name="lockid" displayname="" regex="" data="" parent="" child="" type="" default=""></field>
  <field name="Material" displayname="材质" regex="" data="" parent="" child="" type="" default=""></field>
  <field name="sheath" displayname="武器显示位置" regex="" data="" parent="" child="" type="" default=""></field>
  <field name="RandomProperty" displayname="随机属性" regex="" data="" parent="" child="" type="" default="0"></field>
  <field name="RandomSuffix" displayname="随机前缀" regex="" data="" parent="" child="" type="" default="0"></field>
  <field name="block" displayname="格挡" regex="" data="" parent="" child="" type="" default="0"></field>
  <field name="itemset" displayname="套装ID" regex="" data="" parent="" child="" type="" default=""></field>
  <field name="MaxDurability" displayname="装备耐久" regex="" data="" parent="" child="" type="" default=""></field>
  <field name="area" displayname="地区" regex="" data="" parent="" child="" type="" default=""></field>
  <field name="Map" displayname="地图" regex="" data="" parent="" child="" type="" default=""></field>
  <field name="BagFamily" displayname="" regex="" data="" parent="" child="" type="" default=""></field>
  <field name="TotemCategory" displayname="" regex="" data="" parent="" child="" type="" default=""></field>
  <field name="socketColor_1" displayname="宝石插槽1" regex="" data="socketColor" parent="" child="" type="" default=""></field>
  <field name="socketContent_1" displayname="" regex="" data="" parent="" child="" type="" default=""></field>
  <field name="socketColor_2" displayname="宝石插槽2" regex="" data="socketColor" parent="" child="" type="" default=""></field>
  <field name="socketContent_2" displayname="" regex="" data="" parent="" child="" type="" default=""></field>
  <field name="socketColor_3" displayname="宝石插槽3" regex="" data="socketColor" parent="" child="" type="" default=""></field>
  <field name="socketContent_3" displayname="" regex="" data="" parent="" child="" type="" default=""></field>
  <field name="socketBonus" displayname="插槽奖励" regex="" data="" parent="" child="" type="" default=""></field>
  <field name="GemProperties" displayname="" regex="" data="" parent="" child="" type="" default=""></field>
  <field name="RequiredDisenchantSkill" displayname="" regex="" data="" parent="" child="" type="" default=""></field>
  <field name="ArmorDamageModifier" displayname="" regex="" data="" parent="" child="" type="" default=""></field>
  <field name="Duration" displayname="持续时间" regex="" data="" parent="" child="" type="" default=""></field>
  <field name="ItemLimitCategory" displayname="" regex="" data="" parent="" child="" type="" default=""></field>
  <field name="HolidayId" displayname="" regex="" data="" parent="" child="" type="" default=""></field>
  <field name="ScriptName" displayname="" regex="" data="" parent="" child="" type="" default=""></field>
  <field name="DisenchantID" displayname="" regex="" data="" parent="" child="" type="" default=""></field>
  <field name="FoodType" displayname="" regex="" data="" parent="" child="" type="" default=""></field>
  <field name="minMoneyLoot" displayname="" regex="" data="" parent="" child="" type="" default=""></field>
  <field name="maxMoneyLoot" displayname="" regex="" data="" parent="" child="" type="" default=""></field>
  <field name="WDBVerified" displayname="" regex="" data="" parent="" child="" type="" default=""></field>
</fields>
