﻿<?xml version="1.0" encoding="utf-8" ?>
<fields tablename="creature_template" id="entry" name="entry" class="npcflag" subclass="npcflag2">
	<field name="entry" displayname="ID" regex="" data="" parent="" child="" type="" default="100000"></field>
	<field name="gossip_menu_id" displayname="" regex="" data="" parent="" child="" type="" default="0"></field>
	<field name="minlevel" displayname="最低等级" regex="" data="" parent="" child="" type="" default="0"></field>
	<field name="maxlevel" displayname="最高等级" regex="" data="" parent="" child="" type="" default="0"></field>
	<field name="SandboxScalingID" displayname="" regex="" data="" parent="" child="" type="" default="0"></field>
	<field name="ScaleLevelMin" displayname="动态最低等级" regex="" data="" parent="" child="" type="" default="0"></field>
	<field name="ScaleLevelMax" displayname="动态最高等级" regex="" data="" parent="" child="" type="" default="0"></field>
	<field name="ScaleLevelDelta" displayname="" regex="" data="" parent="" child="" type="" default="0"></field>
	<field name="ScaleLevelDuration" displayname="" regex="" data="" parent="" child="" type="" default="0"></field>
	<field name="exp" displayname="击杀经验" regex="" data="" parent="" child="" type="" default="0"></field>
	<field name="faction" displayname="阵营" regex="" data="" parent="" child="" type="" default="0"></field>
	<field name="npcflag" displayname="NPC标识" regex="" data="" parent="" child="" type="" default="0"></field>
	<field name="npcflag2" displayname="NPC标识2" regex="" data="" parent="" child="" type="" default="0"></field>
	<field name="speed_walk" displayname="" regex="" data="" parent="" child="" type="" default="0"></field>
	<field name="speed_run" displayname="" regex="" data="" parent="" child="" type="" default="0"></field>
	<field name="speed_fly" displayname="" regex="" data="" parent="" child="" type="" default="0"></field>
	<field name="scale" displayname="" regex="" data="" parent="" child="" type="" default="0"></field>
	<field name="mindmg" displayname="" regex="" data="" parent="" child="" type="" default="0"></field>
	<field name="maxdmg" displayname="" regex="" data="" parent="" child="" type="" default="0"></field>
	<field name="dmgschool" displayname="" regex="" data="" parent="" child="" type="" default="0"></field>
	<field name="attackpower" displayname="" regex="" data="" parent="" child="" type="" default="0"></field>
	<field name="dmg_multiplier" displayname="" regex="" data="" parent="" child="" type="" default="0"></field>
	<field name="baseattacktime" displayname="" regex="" data="" parent="" child="" type="" default="0"></field>
	<field name="rangeattacktime" displayname="" regex="" data="" parent="" child="" type="" default="0"></field>
	<field name="unit_class" displayname="" regex="" data="" parent="" child="" type="" default="0"></field>
	<field name="unit_flags" displayname="" regex="" data="" parent="" child="" type="" default="0"></field>
	<field name="unit_flags2" displayname="" regex="" data="" parent="" child="" type="" default="0"></field>
	<field name="unit_flags3" displayname="" regex="" data="" parent="" child="" type="" default="0"></field>
	<field name="dynamicflags" displayname="" regex="" data="" parent="" child="" type="" default="0"></field>
	<field name="trainer_type" displayname="" regex="" data="" parent="" child="" type="" default="0"></field>
	<field name="trainer_spell" displayname="" regex="" data="" parent="" child="" type="" default="0"></field>
	<field name="trainer_class" displayname="" regex="" data="" parent="" child="" type="" default="0"></field>
	<field name="trainer_race" displayname="" regex="" data="" parent="" child="" type="" default="0"></field>
	<field name="minrangedmg" displayname="" regex="" data="" parent="" child="" type="" default="0"></field>
	<field name="maxrangedmg" displayname="" regex="" data="" parent="" child="" type="" default="0"></field>
	<field name="rangedattackpower" displayname="" regex="" data="" parent="" child="" type="" default="0"></field>
	<field name="lootid" displayname="" regex="" data="" parent="" child="" type="" default="0"></field>
	<field name="pickpocketloot" displayname="" regex="" data="" parent="" child="" type="" default="0"></field>
	<field name="skinloot" displayname="" regex="" data="" parent="" child="" type="" default="0"></field>
	<field name="resistance1" displayname="" regex="" data="" parent="" child="" type="" default="0"></field>
	<field name="resistance2" displayname="" regex="" data="" parent="" child="" type="" default="0"></field>
	<field name="resistance3" displayname="" regex="" data="" parent="" child="" type="" default="0"></field>
	<field name="resistance4" displayname="" regex="" data="" parent="" child="" type="" default="0"></field>
	<field name="resistance5" displayname="" regex="" data="" parent="" child="" type="" default="0"></field>
	<field name="resistance6" displayname="" regex="" data="" parent="" child="" type="" default="0"></field>
	<field name="spell1" displayname="" regex="" data="" parent="" child="" type="" default="0"></field>
	<field name="spell2" displayname="" regex="" data="" parent="" child="" type="" default="0"></field>
	<field name="spell3" displayname="" regex="" data="" parent="" child="" type="" default="0"></field>
	<field name="spell4" displayname="" regex="" data="" parent="" child="" type="" default="0"></field>
	<field name="spell5" displayname="" regex="" data="" parent="" child="" type="" default="0"></field>
	<field name="spell6" displayname="" regex="" data="" parent="" child="" type="" default="0"></field>
	<field name="spell7" displayname="" regex="" data="" parent="" child="" type="" default="0"></field>
	<field name="spell8" displayname="" regex="" data="" parent="" child="" type="" default="0"></field>
	<field name="PetSpellDataId" displayname="" regex="" data="" parent="" child="" type="" default="0"></field>
	<field name="VehicleId" displayname="" regex="" data="" parent="" child="" type="" default="0"></field>
	<field name="mingold" displayname="" regex="" data="" parent="" child="" type="" default="0"></field>
	<field name="maxgold" displayname="" regex="" data="" parent="" child="" type="" default="0"></field>
	<field name="AIName" displayname="" regex="" data="" parent="" child="" type="" default=""></field>
	<field name="MovementType" displayname="" regex="" data="" parent="" child="" type="" default="0"></field>
	<field name="InhabitType" displayname="" regex="" data="" parent="" child="" type="" default="0"></field>
	<field name="HoverHeight" displayname="" regex="" data="" parent="" child="" type="" default="0"></field>
	<field name="Mana_mod_extra" displayname="" regex="" data="" parent="" child="" type="" default="0"></field>
	<field name="Armor_mod" displayname="" regex="" data="" parent="" child="" type="" default="0"></field>
	<field name="RegenHealth" displayname="" regex="" data="" parent="" child="" type="" default="0"></field>
	<field name="mechanic_immune_mask" displayname="" regex="" data="" parent="" child="" type="" default="0"></field>
	<field name="flags_extra" displayname="" regex="" data="" parent="" child="" type="" default="0"></field>
	<field name="ControllerID" displayname="" regex="" data="" parent="" child="" type="" default="0"></field>
	<field name="WorldEffects" displayname="" regex="" data="" parent="" child="" type="" default=""></field>
	<field name="PassiveSpells" displayname="" regex="" data="" parent="" child="" type="" default=""></field>
	<field name="StateWorldEffectID" displayname="" regex="" data="" parent="" child="" type="" default="0"></field>
	<field name="SpellStateVisualID" displayname="" regex="" data="" parent="" child="" type="" default="0"></field>
	<field name="SpellStateAnimID" displayname="" regex="" data="" parent="" child="" type="" default="0"></field>
	<field name="SpellStateAnimKitID" displayname="" regex="" data="" parent="" child="" type="" default="0"></field>
	<field name="IgnoreLos" displayname="" regex="" data="" parent="" child="" type="" default="0"></field>
	<field name="AffixState" displayname="" regex="" data="" parent="" child="" type="" default="0"></field>
	<field name="MaxVisible" displayname="" regex="" data="" parent="" child="" type="" default="0"></field>
	<field name="ScriptName" displayname="" regex="" data="" parent="" child="" type="" default=""></field>
</fields>
